[
   {
      "name":"trip_id",
      "type":"STRING",
      "mode":"REQUIRED"
   },
   {
      "name":"duration_sec",
      "type":"INTEGER",
      "mode":"NULLABLE"
   },
   {
      "name":"start_date",
      "type":"TIMESTAMP",
      "mode":"NULLABLE"
   },
   {
      "name":"start_station_name",
      "type":"STRING",
      "mode":"NULLABLE"
   },
   {
      "name":"start_station_id",
      "type":"STRING",
      "mode":"NULLABLE"
   },
   {
      "name":"end_date",
      "type":"TIMESTAMP",
      "mode":"NULLABLE"
   },
   {
      "name":"end_station_name",
      "type":"STRING",
      "mode":"NULLABLE"
   },
   {
      "name":"end_station_id",
      "type":"STRING",
      "mode":"NULLABLE"
   },
   {
      "name":"bike_number",
      "type":"INTEGER",
      "mode":"NULLABLE"
   },
   {
      "name":"zip_code",
      "type":"STRING",
      "mode":"NULLABLE"
   },
   {
      "name":"subscriber_type",
      "type":"STRING",
      "mode":"NULLABLE"
   },
   {
      "name":"c_subscription_type",
      "type":"STRING",
      "mode":"NULLABLE"
   },
   {
      "name":"start_station_latitude",
      "type":"STRING",
      "mode":"NULLABLE"
   },
   {
      "name":"start_station_longitude",
      "type":"FLOAT",
      "mode":"NULLABLE"
   },
   {
      "name":"end_station_latitude",
      "type":"FLOAT",
      "mode":"NULLABLE"
   },
   {
      "name":"end_station_longitude",
      "type":"FLOAT",
      "mode":"NULLABLE"
   },
   {
      "name":"member_birth_year",
      "type":"INTEGER",
      "mode":"NULLABLE"
   },
   {
      "name":"member_gender",
      "type":"STRING",
      "mode":"NULLABLE"
   },
   {
      "name":"bike_share_for_all_trip",
      "type":"STRING",
      "mode":"NULLABLE"
   },
   {
      "name":"start_station_geom",
      "type":"GEOGRAPHY",
      "mode":"NULLABLE"
   },
   {
      "name":"end_station_geom",
      "type":"GEOGRAPHY",
      "mode":"NULLABLE"
   }
]
